-- MySQL dump 10.13  Distrib 5.7.26, for Linux (x86_64)
--
-- Host: localhost    Database: sistema_florart
-- ------------------------------------------------------
-- Server version	5.7.26-0ubuntu0.18.10.1

/*!40101 SET @OLD_CHARACTER_SET_CLIENT=@@CHARACTER_SET_CLIENT */;
/*!40101 SET @OLD_CHARACTER_SET_RESULTS=@@CHARACTER_SET_RESULTS */;
/*!40101 SET @OLD_COLLATION_CONNECTION=@@COLLATION_CONNECTION */;
/*!40101 SET NAMES utf8 */;
/*!40103 SET @OLD_TIME_ZONE=@@TIME_ZONE */;
/*!40103 SET TIME_ZONE='+00:00' */;
/*!40014 SET @OLD_UNIQUE_CHECKS=@@UNIQUE_CHECKS, UNIQUE_CHECKS=0 */;
/*!40014 SET @OLD_FOREIGN_KEY_CHECKS=@@FOREIGN_KEY_CHECKS, FOREIGN_KEY_CHECKS=0 */;
/*!40101 SET @OLD_SQL_MODE=@@SQL_MODE, SQL_MODE='NO_AUTO_VALUE_ON_ZERO' */;
/*!40111 SET @OLD_SQL_NOTES=@@SQL_NOTES, SQL_NOTES=0 */;

--
-- Table structure for table `clientes`
--

DROP TABLE IF EXISTS `clientes`;
/*!40101 SET @saved_cs_client     = @@character_set_client */;
/*!40101 SET character_set_client = utf8 */;
CREATE TABLE `clientes` (
  `id` int(10) unsigned NOT NULL AUTO_INCREMENT,
  `nome` varchar(100) DEFAULT NULL,
  `cpfcnpj` varchar(20) DEFAULT NULL,
  `razao_social` varchar(255) DEFAULT NULL,
  `endereco` varchar(255) DEFAULT NULL,
  `telefone` varchar(45) DEFAULT NULL,
  `email` varchar(100) DEFAULT NULL,
  `active` tinyint(3) unsigned DEFAULT NULL,
  `created` timestamp NULL DEFAULT CURRENT_TIMESTAMP,
  `modified` timestamp NULL DEFAULT NULL,
  `tipo` enum('C','F','A') DEFAULT NULL,
  PRIMARY KEY (`id`)
) ENGINE=InnoDB AUTO_INCREMENT=3 DEFAULT CHARSET=latin1;
/*!40101 SET character_set_client = @saved_cs_client */;

--
-- Dumping data for table `clientes`
--

LOCK TABLES `clientes` WRITE;
/*!40000 ALTER TABLE `clientes` DISABLE KEYS */;
INSERT INTO `clientes` VALUES (1,'ORIXAS EM FESTA','29622214/000181','CASA ORIXAS EM FESTA ARTIGOS RELIGIOSOS LTDA','AVN MINISTRO EDGARD ROMERO, 239 MADUREIRA - RIO DE JANEIRO','2133558800','',1,'2019-03-05 23:19:24','2019-03-06 00:20:43','A'),(2,'Geniuns Comunicação e Marketing','17.405.166/0001-16','Geniuns Comunicação e Marketing','R. Expedicionário Oscár Shade, 171','','tecnologia@geniuns.com',1,'2019-04-28 12:48:16','2019-04-28 12:53:32','F');
/*!40000 ALTER TABLE `clientes` ENABLE KEYS */;
UNLOCK TABLES;

--
-- Table structure for table `compras`
--

DROP TABLE IF EXISTS `compras`;
/*!40101 SET @saved_cs_client     = @@character_set_client */;
/*!40101 SET character_set_client = utf8 */;
CREATE TABLE `compras` (
  `id` int(10) unsigned NOT NULL AUTO_INCREMENT,
  `cliente_id` int(10) unsigned DEFAULT NULL,
  `data` timestamp NULL DEFAULT NULL,
  `numero_nota` varchar(45) DEFAULT NULL,
  `forma_pagamento_id` int(10) unsigned DEFAULT NULL,
  `valor_total` double(15,2) unsigned DEFAULT NULL,
  `pago` tinyint(1) unsigned DEFAULT '0',
  `frete` double(15,2) unsigned DEFAULT NULL,
  PRIMARY KEY (`id`)
) ENGINE=InnoDB AUTO_INCREMENT=2 DEFAULT CHARSET=latin1;
/*!40101 SET character_set_client = @saved_cs_client */;

--
-- Dumping data for table `compras`
--

LOCK TABLES `compras` WRITE;
/*!40000 ALTER TABLE `compras` DISABLE KEYS */;
INSERT INTO `compras` VALUES (1,1,'2019-05-08 00:00:00','216543',1,15.00,1,NULL);
/*!40000 ALTER TABLE `compras` ENABLE KEYS */;
UNLOCK TABLES;

--
-- Table structure for table `fabricacao`
--

DROP TABLE IF EXISTS `fabricacao`;
/*!40101 SET @saved_cs_client     = @@character_set_client */;
/*!40101 SET character_set_client = utf8 */;
CREATE TABLE `fabricacao` (
  `id` int(10) unsigned NOT NULL AUTO_INCREMENT,
  `produto_id` int(10) unsigned DEFAULT NULL,
  `data_fabricacao` timestamp NULL DEFAULT NULL,
  `data_validade` timestamp NULL DEFAULT NULL,
  `quantidade` double(15,2) unsigned DEFAULT NULL,
  `unidade_medida_id` int(10) unsigned DEFAULT NULL,
  `observacao` longtext,
  `finalizado` tinyint(1) DEFAULT '0',
  PRIMARY KEY (`id`)
) ENGINE=InnoDB AUTO_INCREMENT=22 DEFAULT CHARSET=latin1;
/*!40101 SET character_set_client = @saved_cs_client */;

--
-- Dumping data for table `fabricacao`
--

LOCK TABLES `fabricacao` WRITE;
/*!40000 ALTER TABLE `fabricacao` DISABLE KEYS */;
INSERT INTO `fabricacao` VALUES (14,1,'2019-04-02 00:00:00',NULL,120.00,1,NULL,1),(16,1,NULL,NULL,10.00,1,NULL,1),(17,2,'2019-04-02 00:00:00',NULL,12.00,1,NULL,1),(18,2,'2019-04-10 00:00:00','2020-04-10 00:00:00',120.00,1,NULL,1),(19,1,'2019-04-05 00:00:00',NULL,100.00,1,NULL,1),(20,1,'2019-04-02 00:00:00',NULL,6.00,1,NULL,1),(21,3,'2019-04-09 00:00:00',NULL,100.00,4,NULL,1);
/*!40000 ALTER TABLE `fabricacao` ENABLE KEYS */;
UNLOCK TABLES;

--
-- Table structure for table `forma_pagamentos`
--

DROP TABLE IF EXISTS `forma_pagamentos`;
/*!40101 SET @saved_cs_client     = @@character_set_client */;
/*!40101 SET character_set_client = utf8 */;
CREATE TABLE `forma_pagamentos` (
  `id` int(10) unsigned NOT NULL AUTO_INCREMENT,
  `nome` varchar(45) DEFAULT NULL,
  PRIMARY KEY (`id`)
) ENGINE=InnoDB AUTO_INCREMENT=7 DEFAULT CHARSET=latin1;
/*!40101 SET character_set_client = @saved_cs_client */;

--
-- Dumping data for table `forma_pagamentos`
--

LOCK TABLES `forma_pagamentos` WRITE;
/*!40000 ALTER TABLE `forma_pagamentos` DISABLE KEYS */;
INSERT INTO `forma_pagamentos` VALUES (1,'Dinheiro'),(2,'Cartão de crédito ELO'),(3,'Débido Bradesco'),(4,'Débito Banco do Brasil'),(5,'Cartão de Crédito VISA'),(6,'Cheque');
/*!40000 ALTER TABLE `forma_pagamentos` ENABLE KEYS */;
UNLOCK TABLES;

--
-- Table structure for table `grupo_produtos`
--

DROP TABLE IF EXISTS `grupo_produtos`;
/*!40101 SET @saved_cs_client     = @@character_set_client */;
/*!40101 SET character_set_client = utf8 */;
CREATE TABLE `grupo_produtos` (
  `id` int(10) unsigned NOT NULL AUTO_INCREMENT,
  `nome` varchar(150) DEFAULT NULL,
  PRIMARY KEY (`id`)
) ENGINE=InnoDB AUTO_INCREMENT=2 DEFAULT CHARSET=latin1;
/*!40101 SET character_set_client = @saved_cs_client */;

--
-- Dumping data for table `grupo_produtos`
--

LOCK TABLES `grupo_produtos` WRITE;
/*!40000 ALTER TABLE `grupo_produtos` DISABLE KEYS */;
INSERT INTO `grupo_produtos` VALUES (1,'Grupo vermelho');
/*!40000 ALTER TABLE `grupo_produtos` ENABLE KEYS */;
UNLOCK TABLES;

--
-- Table structure for table `itens_finalizacao`
--

DROP TABLE IF EXISTS `itens_finalizacao`;
/*!40101 SET @saved_cs_client     = @@character_set_client */;
/*!40101 SET character_set_client = utf8 */;
CREATE TABLE `itens_finalizacao` (
  `id` int(10) unsigned NOT NULL AUTO_INCREMENT,
  `fabricacao_id` int(11) DEFAULT NULL,
  `manufatura_id` int(10) unsigned DEFAULT NULL,
  `materia_prima_id` int(10) unsigned DEFAULT NULL,
  `prefabricacao_id` int(10) unsigned DEFAULT NULL,
  `user_id` int(10) unsigned DEFAULT NULL,
  `quantidade` double(15,2) unsigned DEFAULT NULL,
  `valor_combinado` double(15,2) unsigned DEFAULT NULL,
  `unitario` tinyint(1) unsigned DEFAULT NULL,
  `data_inicio` timestamp NULL DEFAULT NULL,
  `data_fim` timestamp NULL DEFAULT NULL,
  `valor_pago` double(15,2) unsigned DEFAULT NULL,
  `forma_pagamento_id` int(10) unsigned DEFAULT NULL,
  PRIMARY KEY (`id`)
) ENGINE=InnoDB AUTO_INCREMENT=16 DEFAULT CHARSET=latin1;
/*!40101 SET character_set_client = @saved_cs_client */;

--
-- Dumping data for table `itens_finalizacao`
--

LOCK TABLES `itens_finalizacao` WRITE;
/*!40000 ALTER TABLE `itens_finalizacao` DISABLE KEYS */;
INSERT INTO `itens_finalizacao` VALUES (1,14,NULL,NULL,2,NULL,10.00,NULL,1,NULL,NULL,NULL,NULL),(3,16,NULL,NULL,6,NULL,10.00,NULL,1,NULL,NULL,NULL,NULL),(4,16,NULL,NULL,2,NULL,2.00,NULL,1,NULL,NULL,NULL,NULL),(5,16,NULL,2,NULL,NULL,1.00,NULL,1,NULL,NULL,NULL,NULL),(6,17,NULL,NULL,7,NULL,10.00,NULL,1,NULL,NULL,NULL,NULL),(7,17,NULL,NULL,2,NULL,2.00,NULL,1,NULL,NULL,NULL,NULL),(8,18,NULL,NULL,7,NULL,2.00,NULL,1,NULL,NULL,NULL,NULL),(9,18,NULL,NULL,3,NULL,118.00,NULL,1,NULL,NULL,NULL,NULL),(10,19,NULL,NULL,2,NULL,100.00,NULL,1,NULL,NULL,NULL,NULL),(11,20,NULL,NULL,2,NULL,6.00,NULL,1,NULL,NULL,NULL,NULL),(12,20,NULL,NULL,6,NULL,6.00,NULL,1,NULL,NULL,NULL,NULL),(13,20,2,NULL,NULL,1,6.00,10.00,0,NULL,NULL,NULL,NULL),(14,21,NULL,NULL,6,NULL,100.00,NULL,1,NULL,NULL,NULL,NULL),(15,21,2,NULL,NULL,1,100.00,NULL,1,NULL,NULL,NULL,NULL);
/*!40000 ALTER TABLE `itens_finalizacao` ENABLE KEYS */;
UNLOCK TABLES;

--
-- Table structure for table `itens_notas`
--

DROP TABLE IF EXISTS `itens_notas`;
/*!40101 SET @saved_cs_client     = @@character_set_client */;
/*!40101 SET character_set_client = utf8 */;
CREATE TABLE `itens_notas` (
  `id` int(10) unsigned NOT NULL AUTO_INCREMENT,
  `nota_id` int(10) unsigned DEFAULT NULL,
  `item` int(10) unsigned DEFAULT NULL,
  `quantidade` double(5,2) unsigned DEFAULT NULL,
  `valor_unitario` double(15,2) unsigned DEFAULT NULL,
  `unidade_medida_id` int(10) unsigned DEFAULT NULL,
  `situacao_id` int(10) unsigned DEFAULT NULL,
  `tipo_nota` enum('C','V') DEFAULT NULL,
  PRIMARY KEY (`id`)
) ENGINE=InnoDB AUTO_INCREMENT=3 DEFAULT CHARSET=latin1;
/*!40101 SET character_set_client = @saved_cs_client */;

--
-- Dumping data for table `itens_notas`
--

LOCK TABLES `itens_notas` WRITE;
/*!40000 ALTER TABLE `itens_notas` DISABLE KEYS */;
INSERT INTO `itens_notas` VALUES (1,1,119,10.00,5.00,NULL,NULL,'C'),(2,1,139,5.00,10.00,NULL,NULL,'C');
/*!40000 ALTER TABLE `itens_notas` ENABLE KEYS */;
UNLOCK TABLES;

--
-- Table structure for table `itens_producao`
--

DROP TABLE IF EXISTS `itens_producao`;
/*!40101 SET @saved_cs_client     = @@character_set_client */;
/*!40101 SET character_set_client = utf8 */;
CREATE TABLE `itens_producao` (
  `id` int(10) unsigned NOT NULL AUTO_INCREMENT,
  `manufatura_id` int(10) unsigned DEFAULT NULL,
  `materia_prima_id` int(10) unsigned DEFAULT NULL,
  `prefabricacao_id` int(10) unsigned DEFAULT NULL,
  `user_id` int(10) unsigned DEFAULT NULL,
  `quantidade` double(15,2) unsigned DEFAULT NULL,
  `valor_combinado` double(15,2) unsigned DEFAULT NULL,
  `unitario` tinyint(1) unsigned DEFAULT NULL,
  `data_inicio` timestamp NULL DEFAULT NULL,
  `data_fim` timestamp NULL DEFAULT NULL,
  `valor_pago` double(15,2) unsigned DEFAULT NULL,
  `forma_pagamento_id` int(10) unsigned DEFAULT NULL,
  PRIMARY KEY (`id`)
) ENGINE=InnoDB AUTO_INCREMENT=10 DEFAULT CHARSET=latin1;
/*!40101 SET character_set_client = @saved_cs_client */;

--
-- Dumping data for table `itens_producao`
--

LOCK TABLES `itens_producao` WRITE;
/*!40000 ALTER TABLE `itens_producao` DISABLE KEYS */;
INSERT INTO `itens_producao` VALUES (1,1,NULL,2,1,120.00,NULL,0,'2018-04-05 00:00:00',NULL,NULL,NULL),(2,2,NULL,2,1,120.00,NULL,0,'2018-04-05 00:00:00',NULL,NULL,NULL),(3,4,NULL,2,1,120.00,NULL,0,'2018-04-05 00:00:00',NULL,NULL,NULL),(4,1,NULL,3,1,500.00,NULL,0,'2019-04-01 00:00:00',NULL,NULL,NULL),(5,NULL,1,6,NULL,1.00,NULL,1,NULL,NULL,NULL,NULL),(6,NULL,2,6,NULL,1.00,NULL,1,NULL,NULL,NULL,NULL),(7,1,NULL,7,1,12.00,NULL,1,'2019-04-01 00:00:00',NULL,NULL,NULL),(8,2,NULL,7,1,12.00,NULL,1,'2019-04-01 00:00:00',NULL,NULL,NULL),(9,4,NULL,7,1,12.00,NULL,1,'2019-04-01 00:00:00',NULL,NULL,NULL);
/*!40000 ALTER TABLE `itens_producao` ENABLE KEYS */;
UNLOCK TABLES;

--
-- Temporary table structure for view `itens_usados`
--

DROP TABLE IF EXISTS `itens_usados`;
/*!50001 DROP VIEW IF EXISTS `itens_usados`*/;
SET @saved_cs_client     = @@character_set_client;
SET character_set_client = utf8;
/*!50001 CREATE VIEW `itens_usados` AS SELECT 
 1 AS `materia_prima_id`,
 1 AS `quantidade`*/;
SET character_set_client = @saved_cs_client;

--
-- Table structure for table `lotes`
--

DROP TABLE IF EXISTS `lotes`;
/*!40101 SET @saved_cs_client     = @@character_set_client */;
/*!40101 SET character_set_client = utf8 */;
CREATE TABLE `lotes` (
  `id` int(10) unsigned NOT NULL AUTO_INCREMENT,
  `fabricacao_id` int(10) unsigned DEFAULT NULL,
  `numero` varchar(45) DEFAULT NULL,
  `created` timestamp NULL DEFAULT NULL,
  `validade` date DEFAULT NULL,
  `quantidade` double(15,2) unsigned DEFAULT NULL,
  `unidade_medida_id` int(10) unsigned DEFAULT NULL,
  PRIMARY KEY (`id`)
) ENGINE=InnoDB AUTO_INCREMENT=13 DEFAULT CHARSET=latin1;
/*!40101 SET character_set_client = @saved_cs_client */;

--
-- Dumping data for table `lotes`
--

LOCK TABLES `lotes` WRITE;
/*!40000 ALTER TABLE `lotes` DISABLE KEYS */;
INSERT INTO `lotes` VALUES (1,14,'P00001420190404-1','2019-04-04 00:23:06','2019-10-02',120.00,1),(2,16,'P00001620190410-2','2019-04-10 21:14:19','2019-10-10',10.00,1),(3,17,'P00001720190410-3','2019-04-10 21:17:21','2019-10-02',12.00,1),(4,16,'P00001620190410-4','2019-04-10 21:48:16','2019-10-10',10.00,1),(5,16,'P00001620190410-5','2019-04-10 21:48:18','2019-10-10',10.00,1),(6,16,'P00001620190410-6','2019-04-10 21:48:19','2019-10-10',10.00,1),(7,16,'P00001620190410-7','2019-04-10 21:48:19','2019-10-10',10.00,1),(8,16,'P00001620190410-8','2019-04-10 21:48:20','2019-10-10',10.00,1),(9,18,'P00001820190410-9','2019-04-10 22:09:06','2020-04-10',120.00,1),(10,19,'P00001920190410-10','2019-04-10 22:34:44','2019-10-05',100.00,1),(11,20,'P00002020190411-11','2019-04-11 23:41:57','2019-10-02',6.00,1),(12,21,'P00002120190419-12','2019-04-19 10:22:13','2019-10-09',100.00,4);
/*!40000 ALTER TABLE `lotes` ENABLE KEYS */;
UNLOCK TABLES;

--
-- Table structure for table `manufaturas`
--

DROP TABLE IF EXISTS `manufaturas`;
/*!40101 SET @saved_cs_client     = @@character_set_client */;
/*!40101 SET character_set_client = utf8 */;
CREATE TABLE `manufaturas` (
  `id` int(10) unsigned NOT NULL AUTO_INCREMENT,
  `nome` varchar(150) DEFAULT NULL,
  `valor_base` double(15,2) unsigned DEFAULT NULL,
  `unidade` tinyint(1) unsigned DEFAULT NULL,
  PRIMARY KEY (`id`)
) ENGINE=InnoDB AUTO_INCREMENT=5 DEFAULT CHARSET=latin1;
/*!40101 SET character_set_client = @saved_cs_client */;

--
-- Dumping data for table `manufaturas`
--

LOCK TABLES `manufaturas` WRITE;
/*!40000 ALTER TABLE `manufaturas` DISABLE KEYS */;
INSERT INTO `manufaturas` VALUES (1,'Ensacar pó',0.35,0),(2,'Rotular',0.15,1),(3,'Teste',2.00,1),(4,'Selar',0.01,1);
/*!40000 ALTER TABLE `manufaturas` ENABLE KEYS */;
UNLOCK TABLES;

--
-- Table structure for table `materia_primas`
--

DROP TABLE IF EXISTS `materia_primas`;
/*!40101 SET @saved_cs_client     = @@character_set_client */;
/*!40101 SET character_set_client = utf8 */;
CREATE TABLE `materia_primas` (
  `id` int(10) unsigned NOT NULL AUTO_INCREMENT,
  `tipo_materia_prima_id` int(10) unsigned DEFAULT NULL,
  `nome` varchar(45) DEFAULT NULL,
  `estoque_minimo` int(10) unsigned DEFAULT NULL,
  PRIMARY KEY (`id`)
) ENGINE=InnoDB AUTO_INCREMENT=159 DEFAULT CHARSET=latin1;
/*!40101 SET character_set_client = @saved_cs_client */;

--
-- Dumping data for table `materia_primas`
--

LOCK TABLES `materia_primas` WRITE;
/*!40000 ALTER TABLE `materia_primas` DISABLE KEYS */;
INSERT INTO `materia_primas` VALUES (1,7,'AGUA',NULL),(2,8,'ALCOOL CEREAIS COM FIXADOR',1),(3,8,'ALCOOL CEREAIS COMUM',NULL),(4,8,'ALCOOL GEL',NULL),(5,6,'AMONIA',NULL),(6,7,'BASE BRANCA',NULL),(7,2,'BAUNILHA COMESTIVEL',NULL),(8,10,'BENZOATO DE SÓDIO',NULL),(9,5,'BOBINA MEDIA',NULL),(10,2,'CAFE EM PÓ',NULL),(11,5,'CAIXA PAPEL CRAFT COM VISOR',NULL),(12,5,'CAIXA PP2',NULL),(13,1,'CANELA PAU',NULL),(14,1,'CANELA PO',NULL),(15,6,'CANFORA EM PO',NULL),(16,6,'CANFORA TABLETE',NULL),(17,7,'CARVÃO',NULL),(18,9,'CORANTE PO AMARELO',NULL),(19,9,'CORANTE PO AZUL',NULL),(20,9,'CORANTE SABONETE AMARELO',NULL),(21,9,'CORANTE SABONETE AZUL',NULL),(22,9,'CORANTE SABONETE LILAS',NULL),(23,9,'CORANTE SABONETE VERDE',NULL),(24,9,'CORANTE SABONETE VERMELHO',NULL),(25,1,'CRAVO INTEIRO',NULL),(26,1,'CRAVO PO',NULL),(27,1,'FAVA CUMARU',NULL),(28,2,'ESSENCIA DAMA DA NOITE',NULL),(29,1,'FAVA DANDA DA COSTA',NULL),(30,1,'DANDA DA COSTA PO',NULL),(31,2,'DENDE',NULL),(32,5,'ELASTICO VERMELHO',NULL),(33,2,'ESSENCIA ERVA CIDREIRA',NULL),(34,2,'ESSENCIA MIRRA',NULL),(35,2,'ESSENCIA SANDALO',NULL),(36,2,'ESSENCIA ALABASTRO',NULL),(37,2,'ESSENCIA ALECRIM',NULL),(38,2,'ESSENCIA ALFAZEMA',NULL),(39,2,'ESSENCIA ALFAZEMA FAB PROPRIA',NULL),(40,2,'ESSENCIA ALMISCAR',NULL),(41,2,'ESSENCIA ALOÉS',NULL),(42,2,'ESSENCIA ANDIROBA',NULL),(43,2,'ESSENCIA ANGELICA',NULL),(44,2,'ESSENCIA ARRUDA',NULL),(45,2,'ESSENCIA BALSAMO',NULL),(46,2,'ESSENCIA BAUNILHA',NULL),(47,7,'pos antigos',NULL),(48,2,'ESSENCIA BENJOIN',NULL),(49,2,'ESSENCIA CANELA',NULL),(50,2,'ESSENCIA CEREJA',NULL),(51,2,'ESSENCIA CRAVO',NULL),(52,2,'ESSENCIA ACACIA',NULL),(53,14,'ESSENCIA  BAUNILHA FAB PROPRIA',NULL),(54,14,'ESSENCIA  BENJOIM FAB PROPRIA',NULL),(55,14,'ESSENCIA  CANELA FAB PROPRIA',NULL),(56,14,'ESSENCIA  LAVANDA FAB PROPRIA',NULL),(57,14,'ESSENCIA  PATCHOULI FAB PROPRIA',NULL),(58,14,'ESSENCIA  SANDALO FAB PROPRIA',NULL),(59,4,'ETIQUETAS PIMACO',NULL),(60,2,'ESSENCIA EUCALIPTO',NULL),(61,2,'MISTURA PERFUME DA BOTA',NULL),(62,1,'FAVA ANDARA',NULL),(63,1,'FAVA ANIZ ESTRELADO',NULL),(64,1,'FAVA ARIDAN',NULL),(65,2,'ESSENCIA FLOR DE LARANJEIRA',NULL),(66,2,'ESSENCIA FLORAL',NULL),(67,3,'FRASCO 100ML ACETONA',NULL),(68,3,'TAMPA METAL (FRASCO CRISTAL)',NULL),(69,3,'FRASCO CRISTAL 50ML',NULL),(70,3,'BATOQUE',NULL),(71,3,'TAMPA BOLINHA',NULL),(72,3,'TAMPA DIAMANTE',NULL),(73,3,'FRASCO ESMALTE',NULL),(74,3,'FRASCO GELPET COM TAMPA LACRE',NULL),(75,3,'TAMPA METAL (FRASCO REPARADOR)',NULL),(76,3,'FRASCO REPARADOR',NULL),(77,3,'TAMPA ROLHA',NULL),(78,3,'FRASCO PENICILINA',NULL),(79,10,'GOMA XANTANA',NULL),(80,2,'ESSENCIA HERBAIS',NULL),(81,2,'ESSENCIA HORTELA',NULL),(82,4,'TEXTO BOTA',NULL),(83,2,'ESSENCIA JASMIM',NULL),(84,11,'JOANES - ERVA DE SANTA MARIA',NULL),(85,5,'LACRE ADESIVO',NULL),(86,2,'ESSENCIA LARANJA',NULL),(87,2,'ESSENCIA LAVANDA',NULL),(88,1,'FAVA LELECUM',NULL),(89,2,'ESSENCIA LIRIO',NULL),(90,7,'OLEO CANOLA',NULL),(91,2,'ESSENCIA MAÇA VERDE',NULL),(92,2,'ESSENCIA MADEIRA ORIENTE',NULL),(93,2,'ESSENCIA MAMAE E BEBE',NULL),(94,11,'ERVA MANJERICÃO SECA',NULL),(95,9,'CORANTE GEL MARROM',NULL),(96,2,'ESSENCIA MEL',NULL),(97,2,'ESSENCIA MELISSA',NULL),(98,2,'VINAGRE',NULL),(99,11,'MISTURA DEFUMADOR',NULL),(100,2,'ESSENCIA MORANGO',NULL),(101,2,'ESSENCIA MORANGO COM CHAMP',NULL),(102,1,'FAVA NOZ MOSCADA',NULL),(103,1,'NOZ MOSCADA PO',NULL),(104,2,'OLEO ESSENCIAL PATCHOULY ',NULL),(105,7,'OLEO GIRASSOL',NULL),(106,6,'OLEO VELHO DA LOJA',NULL),(107,2,'ESSENCIA OPIUM',NULL),(108,2,'ESSENCIA ORQUIDEA',NULL),(109,4,'PALAVRAS',NULL),(110,4,'PAPEL VERGE RECICLADO',NULL),(111,2,'ESSENCIA PATCHOULI',NULL),(112,6,'PEIXE',NULL),(113,4,'ROTULO BOTA',NULL),(114,4,'ROTULO PERFUME LUXO CORES',NULL),(115,4,'ROTULO PERFUME GD PB',NULL),(116,1,'PIMENTA DA COSTA GRAO',NULL),(117,1,'PIMENTA DA COSTA PO',NULL),(118,9,'CORANTE PO PRETO',NULL),(119,13,'RASPA DE CHIFRE DE BOI',NULL),(120,6,'REMOVEDOR',NULL),(121,10,'RENEX',NULL),(122,13,'RESINA BENJOIM',NULL),(123,2,'ESSENCIA ROSAS',NULL),(124,4,'ROTULO AGUAS',NULL),(125,4,'ROTULO BOTO',NULL),(126,4,'ROTULO ESSENCIA GRANDE PB',NULL),(127,4,'ROTULO ESSENCIA PQ TRANSP',NULL),(128,5,'ROTULO EXTRATO CARRAPATO (m/f)',NULL),(129,4,'ROTULO PO',NULL),(130,5,'SACO 12*25 ',NULL),(131,5,'SACO 6*9',NULL),(132,5,'SACO 8*11',NULL),(133,5,'SACOLA PRETA GD',NULL),(134,5,'SACOLA PRETA mercado',NULL),(135,10,'SAL COZINHA',NULL),(136,13,'SALAMARGO',NULL),(137,11,'ERVA SALVIA',NULL),(138,1,'ANIZ ESTRELADO PO',NULL),(139,12,'TERÇO',NULL),(140,9,'CORANTE VELA AZUL MARINHO',NULL),(141,9,'CORANTE VELA AMARELO',NULL),(142,9,'CORANTE VELA VERDE',NULL),(143,9,'CORANTE VELA VERMELHO',NULL),(144,2,'ESSENCIA VERBENA',NULL),(145,9,'CORANTE PO VERDE',NULL),(146,9,'CORANTE PO VERMELHO',NULL),(147,2,'ESSENCIA VIOLETA',NULL),(148,2,'ESSENCIA YLANG',NULL),(149,11,'ALFAZEMA SECA',NULL),(150,4,'CARTUCHO PB',NULL),(151,4,'CARTUCHO CORES',NULL),(152,7,'PROPILENOGLICOL 100ML',NULL),(153,7,'PROPILENOGLICOL',NULL),(154,5,'CAIXA 30*40*40',NULL),(155,5,'CAIXA PP MUDANÇA',NULL),(156,5,'CAIXA TORTA PP',NULL),(157,13,'YEROSSUM',NULL),(158,9,'CORANTE SABONETE GERAL',NULL);
/*!40000 ALTER TABLE `materia_primas` ENABLE KEYS */;
UNLOCK TABLES;

--
-- Temporary table structure for view `materiaprima_disponiveis`
--

DROP TABLE IF EXISTS `materiaprima_disponiveis`;
/*!50001 DROP VIEW IF EXISTS `materiaprima_disponiveis`*/;
SET @saved_cs_client     = @@character_set_client;
SET character_set_client = utf8;
/*!50001 CREATE VIEW `materiaprima_disponiveis` AS SELECT 
 1 AS `id`,
 1 AS `nome`*/;
SET character_set_client = @saved_cs_client;

--
-- Table structure for table `pedido_produtos`
--

DROP TABLE IF EXISTS `pedido_produtos`;
/*!40101 SET @saved_cs_client     = @@character_set_client */;
/*!40101 SET character_set_client = utf8 */;
CREATE TABLE `pedido_produtos` (
  `id` int(10) unsigned NOT NULL AUTO_INCREMENT,
  `pedido_id` int(10) unsigned DEFAULT NULL,
  `produto_id` int(10) unsigned DEFAULT NULL,
  `quantidade` int(10) unsigned DEFAULT NULL,
  `valor_combinado` double(15,2) unsigned DEFAULT NULL,
  `unidade_medida_id` int(10) unsigned DEFAULT NULL,
  `entregue` tinyint(1) unsigned DEFAULT '0',
  PRIMARY KEY (`id`)
) ENGINE=InnoDB AUTO_INCREMENT=2 DEFAULT CHARSET=latin1;
/*!40101 SET character_set_client = @saved_cs_client */;

--
-- Dumping data for table `pedido_produtos`
--

LOCK TABLES `pedido_produtos` WRITE;
/*!40000 ALTER TABLE `pedido_produtos` DISABLE KEYS */;
INSERT INTO `pedido_produtos` VALUES (1,6,2,5,4.50,4,0);
/*!40000 ALTER TABLE `pedido_produtos` ENABLE KEYS */;
UNLOCK TABLES;

--
-- Table structure for table `pedidos`
--

DROP TABLE IF EXISTS `pedidos`;
/*!40101 SET @saved_cs_client     = @@character_set_client */;
/*!40101 SET character_set_client = utf8 */;
CREATE TABLE `pedidos` (
  `id` int(10) unsigned NOT NULL AUTO_INCREMENT,
  `cliente_id` int(10) unsigned DEFAULT NULL,
  `data_pedido` timestamp NULL DEFAULT NULL,
  `previsao_entrega` timestamp NULL DEFAULT NULL,
  `data_entrega` timestamp NULL DEFAULT NULL,
  `situacao` tinyint(1) unsigned DEFAULT NULL,
  `observacao` longtext,
  `pago` tinyint(1) DEFAULT '0',
  PRIMARY KEY (`id`)
) ENGINE=InnoDB AUTO_INCREMENT=7 DEFAULT CHARSET=latin1;
/*!40101 SET character_set_client = @saved_cs_client */;

--
-- Dumping data for table `pedidos`
--

LOCK TABLES `pedidos` WRITE;
/*!40000 ALTER TABLE `pedidos` DISABLE KEYS */;
INSERT INTO `pedidos` VALUES (6,1,'2019-04-13 00:00:00','2019-04-28 00:00:00',NULL,0,NULL,0);
/*!40000 ALTER TABLE `pedidos` ENABLE KEYS */;
UNLOCK TABLES;

--
-- Temporary table structure for view `pflivres`
--

DROP TABLE IF EXISTS `pflivres`;
/*!50001 DROP VIEW IF EXISTS `pflivres`*/;
SET @saved_cs_client     = @@character_set_client;
SET character_set_client = utf8;
/*!50001 CREATE VIEW `pflivres` AS SELECT 
 1 AS `id`,
 1 AS `nome`*/;
SET character_set_client = @saved_cs_client;

--
-- Table structure for table `prefabricacao`
--

DROP TABLE IF EXISTS `prefabricacao`;
/*!40101 SET @saved_cs_client     = @@character_set_client */;
/*!40101 SET character_set_client = utf8 */;
CREATE TABLE `prefabricacao` (
  `id` int(10) unsigned NOT NULL AUTO_INCREMENT,
  `produto_id` int(10) unsigned DEFAULT NULL,
  `grupo_produto_id` int(10) unsigned DEFAULT NULL,
  `tipo_produto_id` int(10) unsigned DEFAULT NULL,
  `data_fabricacao` timestamp NULL DEFAULT NULL,
  `data_validade` timestamp NULL DEFAULT NULL,
  `nome` varchar(45) DEFAULT NULL,
  `quantidade` double(15,2) DEFAULT NULL,
  `unidade_medida_id` int(10) unsigned DEFAULT NULL,
  PRIMARY KEY (`id`)
) ENGINE=InnoDB AUTO_INCREMENT=8 DEFAULT CHARSET=latin1;
/*!40101 SET character_set_client = @saved_cs_client */;

--
-- Dumping data for table `prefabricacao`
--

LOCK TABLES `prefabricacao` WRITE;
/*!40000 ALTER TABLE `prefabricacao` DISABLE KEYS */;
INSERT INTO `prefabricacao` VALUES (2,NULL,NULL,1,'2019-04-02 00:00:00',NULL,'Reserva do Luzinho',120.00,1),(3,NULL,NULL,1,NULL,NULL,'Reserva do Sr. Antonio',500.00,3),(6,NULL,1,NULL,'2019-04-02 00:00:00',NULL,'teste de hoje',120.00,1),(7,NULL,1,NULL,NULL,NULL,'vermelho',12.00,1);
/*!40000 ALTER TABLE `prefabricacao` ENABLE KEYS */;
UNLOCK TABLES;

--
-- Table structure for table `produtos`
--

DROP TABLE IF EXISTS `produtos`;
/*!40101 SET @saved_cs_client     = @@character_set_client */;
/*!40101 SET character_set_client = utf8 */;
CREATE TABLE `produtos` (
  `id` int(10) unsigned NOT NULL AUTO_INCREMENT,
  `grupo_produto_id` int(10) unsigned DEFAULT NULL,
  `nome` varchar(100) DEFAULT NULL,
  `valor_varejo` double(15,2) unsigned DEFAULT NULL,
  `valor_atacado` double(15,2) unsigned DEFAULT NULL,
  `estoque_minimo` int(10) unsigned DEFAULT NULL,
  `atacado_minimo` int(10) unsigned DEFAULT NULL,
  PRIMARY KEY (`id`)
) ENGINE=InnoDB AUTO_INCREMENT=5 DEFAULT CHARSET=latin1;
/*!40101 SET character_set_client = @saved_cs_client */;

--
-- Dumping data for table `produtos`
--

LOCK TABLES `produtos` WRITE;
/*!40000 ALTER TABLE `produtos` DISABLE KEYS */;
INSERT INTO `produtos` VALUES (1,NULL,'Água de flor: Laranjeira',9.50,8.00,24,60),(2,1,'Pó de amor',6.00,4.50,12,60),(3,NULL,'Água de melissa',0.80,0.67,12,600),(4,NULL,'Melissa 2',0.80,0.67,12,600);
/*!40000 ALTER TABLE `produtos` ENABLE KEYS */;
UNLOCK TABLES;

--
-- Table structure for table `situacaos`
--

DROP TABLE IF EXISTS `situacaos`;
/*!40101 SET @saved_cs_client     = @@character_set_client */;
/*!40101 SET character_set_client = utf8 */;
CREATE TABLE `situacaos` (
  `id` int(10) unsigned NOT NULL AUTO_INCREMENT,
  `nome` varchar(45) DEFAULT NULL,
  PRIMARY KEY (`id`)
) ENGINE=InnoDB AUTO_INCREMENT=7 DEFAULT CHARSET=latin1;
/*!40101 SET character_set_client = @saved_cs_client */;

--
-- Dumping data for table `situacaos`
--

LOCK TABLES `situacaos` WRITE;
/*!40000 ALTER TABLE `situacaos` DISABLE KEYS */;
INSERT INTO `situacaos` VALUES (1,'Recebido'),(2,'Entregue'),(3,'Cancelado'),(4,'Extraviado'),(5,'Estragado'),(6,'Enviado');
/*!40000 ALTER TABLE `situacaos` ENABLE KEYS */;
UNLOCK TABLES;

--
-- Table structure for table `tipo_materia_primas`
--

DROP TABLE IF EXISTS `tipo_materia_primas`;
/*!40101 SET @saved_cs_client     = @@character_set_client */;
/*!40101 SET character_set_client = utf8 */;
CREATE TABLE `tipo_materia_primas` (
  `id` int(10) unsigned NOT NULL AUTO_INCREMENT,
  `nome` varchar(45) DEFAULT NULL,
  PRIMARY KEY (`id`)
) ENGINE=InnoDB AUTO_INCREMENT=15 DEFAULT CHARSET=latin1;
/*!40101 SET character_set_client = @saved_cs_client */;

--
-- Dumping data for table `tipo_materia_primas`
--

LOCK TABLES `tipo_materia_primas` WRITE;
/*!40000 ALTER TABLE `tipo_materia_primas` DISABLE KEYS */;
INSERT INTO `tipo_materia_primas` VALUES (1,'FAVAS'),(2,'ESSENCIAS'),(3,'FRASCO'),(4,'RÓTULO'),(5,'EMBALAGEM'),(6,'AROMATICOS (EXCETO ESSENCIA)'),(7,'BASE'),(8,'SOLVENTE'),(9,'CORANTE'),(10,'ADITIVOS'),(11,'ERVAS'),(12,'MISSANGA'),(13,'RESINAS / MINERAIS ETC'),(14,'FAB PROPRIA');
/*!40000 ALTER TABLE `tipo_materia_primas` ENABLE KEYS */;
UNLOCK TABLES;

--
-- Table structure for table `tipo_produtos`
--

DROP TABLE IF EXISTS `tipo_produtos`;
/*!40101 SET @saved_cs_client     = @@character_set_client */;
/*!40101 SET character_set_client = utf8 */;
CREATE TABLE `tipo_produtos` (
  `id` int(10) unsigned NOT NULL AUTO_INCREMENT,
  `nome` varchar(45) DEFAULT NULL,
  `codigo_ncn` varchar(45) DEFAULT NULL,
  `grupo_produto_id` int(10) unsigned DEFAULT NULL,
  PRIMARY KEY (`id`)
) ENGINE=InnoDB AUTO_INCREMENT=4 DEFAULT CHARSET=latin1;
/*!40101 SET character_set_client = @saved_cs_client */;

--
-- Dumping data for table `tipo_produtos`
--

LOCK TABLES `tipo_produtos` WRITE;
/*!40000 ALTER TABLE `tipo_produtos` DISABLE KEYS */;
INSERT INTO `tipo_produtos` VALUES (1,'Pó',NULL,NULL),(2,'Água',NULL,NULL),(3,'teste','456789',NULL);
/*!40000 ALTER TABLE `tipo_produtos` ENABLE KEYS */;
UNLOCK TABLES;

--
-- Table structure for table `unidade_medidas`
--

DROP TABLE IF EXISTS `unidade_medidas`;
/*!40101 SET @saved_cs_client     = @@character_set_client */;
/*!40101 SET character_set_client = utf8 */;
CREATE TABLE `unidade_medidas` (
  `id` int(10) unsigned NOT NULL AUTO_INCREMENT,
  `nome` varchar(45) DEFAULT NULL,
  `sigla` varchar(10) DEFAULT NULL,
  `parent_id` int(10) unsigned DEFAULT NULL,
  `fator_multiplicativo` double(8,2) unsigned DEFAULT NULL,
  PRIMARY KEY (`id`)
) ENGINE=InnoDB AUTO_INCREMENT=6 DEFAULT CHARSET=latin1;
/*!40101 SET character_set_client = @saved_cs_client */;

--
-- Dumping data for table `unidade_medidas`
--

LOCK TABLES `unidade_medidas` WRITE;
/*!40000 ALTER TABLE `unidade_medidas` DISABLE KEYS */;
INSERT INTO `unidade_medidas` VALUES (1,'Unidade','un',NULL,NULL),(2,'Mililitros','ml',NULL,NULL),(3,'Gramas','g',NULL,NULL),(4,'Dúzia','dz',1,12.00),(5,'Quilo','Kg',3,1000.00);
/*!40000 ALTER TABLE `unidade_medidas` ENABLE KEYS */;
UNLOCK TABLES;

--
-- Temporary table structure for view `usados_fabricacao`
--

DROP TABLE IF EXISTS `usados_fabricacao`;
/*!50001 DROP VIEW IF EXISTS `usados_fabricacao`*/;
SET @saved_cs_client     = @@character_set_client;
SET character_set_client = utf8;
/*!50001 CREATE VIEW `usados_fabricacao` AS SELECT 
 1 AS `materia_prima_id`,
 1 AS `quantidade`*/;
SET character_set_client = @saved_cs_client;

--
-- Temporary table structure for view `usados_na_fabricacao`
--

DROP TABLE IF EXISTS `usados_na_fabricacao`;
/*!50001 DROP VIEW IF EXISTS `usados_na_fabricacao`*/;
SET @saved_cs_client     = @@character_set_client;
SET character_set_client = utf8;
/*!50001 CREATE VIEW `usados_na_fabricacao` AS SELECT 
 1 AS `prefabricacao_id`,
 1 AS `usados`*/;
SET character_set_client = @saved_cs_client;

--
-- Temporary table structure for view `usados_prefabricacao`
--

DROP TABLE IF EXISTS `usados_prefabricacao`;
/*!50001 DROP VIEW IF EXISTS `usados_prefabricacao`*/;
SET @saved_cs_client     = @@character_set_client;
SET character_set_client = utf8;
/*!50001 CREATE VIEW `usados_prefabricacao` AS SELECT 
 1 AS `materia_prima_id`,
 1 AS `quantidade`*/;
SET character_set_client = @saved_cs_client;

--
-- Table structure for table `users`
--

DROP TABLE IF EXISTS `users`;
/*!40101 SET @saved_cs_client     = @@character_set_client */;
/*!40101 SET character_set_client = utf8 */;
CREATE TABLE `users` (
  `id` int(10) unsigned NOT NULL AUTO_INCREMENT,
  `nome` varchar(45) DEFAULT NULL,
  `email` varchar(100) DEFAULT NULL,
  `password` varchar(150) DEFAULT NULL,
  `created` timestamp NULL DEFAULT CURRENT_TIMESTAMP,
  `modified` timestamp NULL DEFAULT NULL,
  `active` tinyint(1) DEFAULT NULL,
  `role` enum('A','C','F') DEFAULT NULL,
  PRIMARY KEY (`id`)
) ENGINE=InnoDB AUTO_INCREMENT=2 DEFAULT CHARSET=latin1;
/*!40101 SET character_set_client = @saved_cs_client */;

--
-- Dumping data for table `users`
--

LOCK TABLES `users` WRITE;
/*!40000 ALTER TABLE `users` DISABLE KEYS */;
INSERT INTO `users` VALUES (1,'Maria Antonietta','mariaversiani@yahoo.com.br','$2y$10$SyNt9aiaUGJWV6LxxAe6/.4RRh1tRdzmnl4X0C0RKi2jN54bCNScq','2019-03-06 00:33:50','2019-03-06 00:34:23',1,'A');
/*!40000 ALTER TABLE `users` ENABLE KEYS */;
UNLOCK TABLES;

--
-- Final view structure for view `itens_usados`
--

/*!50001 DROP VIEW IF EXISTS `itens_usados`*/;
/*!50001 SET @saved_cs_client          = @@character_set_client */;
/*!50001 SET @saved_cs_results         = @@character_set_results */;
/*!50001 SET @saved_col_connection     = @@collation_connection */;
/*!50001 SET character_set_client      = utf8 */;
/*!50001 SET character_set_results     = utf8 */;
/*!50001 SET collation_connection      = utf8_general_ci */;
/*!50001 CREATE ALGORITHM=UNDEFINED */
/*!50013 DEFINER=`root`@`localhost` SQL SECURITY DEFINER */
/*!50001 VIEW `itens_usados` AS select `a`.`materia_prima_id` AS `materia_prima_id`,(coalesce(`a`.`quantidade`,0) - coalesce(`b`.`quantidade`,0)) AS `quantidade` from (`usados_prefabricacao` `a` left join `usados_fabricacao` `b` on((`b`.`materia_prima_id` = `a`.`materia_prima_id`))) */;
/*!50001 SET character_set_client      = @saved_cs_client */;
/*!50001 SET character_set_results     = @saved_cs_results */;
/*!50001 SET collation_connection      = @saved_col_connection */;

--
-- Final view structure for view `materiaprima_disponiveis`
--

/*!50001 DROP VIEW IF EXISTS `materiaprima_disponiveis`*/;
/*!50001 SET @saved_cs_client          = @@character_set_client */;
/*!50001 SET @saved_cs_results         = @@character_set_results */;
/*!50001 SET @saved_col_connection     = @@collation_connection */;
/*!50001 SET character_set_client      = utf8 */;
/*!50001 SET character_set_results     = utf8 */;
/*!50001 SET collation_connection      = utf8_general_ci */;
/*!50001 CREATE ALGORITHM=UNDEFINED */
/*!50013 DEFINER=`root`@`localhost` SQL SECURITY DEFINER */
/*!50001 VIEW `materiaprima_disponiveis` AS select `ino`.`id` AS `id`,concat(`mp`.`nome`,' (',(`ino`.`quantidade` - coalesce(`iu`.`quantidade`,0)),') ',`c`.`nome`,' [',convert(date_format(`co`.`data`,'%d/%m/%Y') using latin1),']') AS `nome` from ((((`compras` `co` left join `itens_notas` `ino` on(((`ino`.`nota_id` = `co`.`id`) and (`ino`.`tipo_nota` = 'C')))) join `materia_primas` `mp` on((`mp`.`id` = `ino`.`item`))) left join `itens_usados` `iu` on((`iu`.`materia_prima_id` = `ino`.`id`))) join `clientes` `c` on((`c`.`id` = `co`.`cliente_id`))) */;
/*!50001 SET character_set_client      = @saved_cs_client */;
/*!50001 SET character_set_results     = @saved_cs_results */;
/*!50001 SET collation_connection      = @saved_col_connection */;

--
-- Final view structure for view `pflivres`
--

/*!50001 DROP VIEW IF EXISTS `pflivres`*/;
/*!50001 SET @saved_cs_client          = @@character_set_client */;
/*!50001 SET @saved_cs_results         = @@character_set_results */;
/*!50001 SET @saved_col_connection     = @@collation_connection */;
/*!50001 SET character_set_client      = utf8 */;
/*!50001 SET character_set_results     = utf8 */;
/*!50001 SET collation_connection      = utf8_general_ci */;
/*!50001 CREATE ALGORITHM=UNDEFINED */
/*!50013 DEFINER=`root`@`localhost` SQL SECURITY DEFINER */
/*!50001 VIEW `pflivres` AS select `pf`.`id` AS `id`,concat(`pf`.`nome`,' [',(`pf`.`quantidade` - coalesce(`x`.`usados`,0)),']') AS `nome` from (`prefabricacao` `pf` left join `usados_na_fabricacao` `x` on((`x`.`prefabricacao_id` = `pf`.`id`))) */;
/*!50001 SET character_set_client      = @saved_cs_client */;
/*!50001 SET character_set_results     = @saved_cs_results */;
/*!50001 SET collation_connection      = @saved_col_connection */;

--
-- Final view structure for view `usados_fabricacao`
--

/*!50001 DROP VIEW IF EXISTS `usados_fabricacao`*/;
/*!50001 SET @saved_cs_client          = @@character_set_client */;
/*!50001 SET @saved_cs_results         = @@character_set_results */;
/*!50001 SET @saved_col_connection     = @@collation_connection */;
/*!50001 SET character_set_client      = utf8 */;
/*!50001 SET character_set_results     = utf8 */;
/*!50001 SET collation_connection      = utf8_general_ci */;
/*!50001 CREATE ALGORITHM=UNDEFINED */
/*!50013 DEFINER=`root`@`localhost` SQL SECURITY DEFINER */
/*!50001 VIEW `usados_fabricacao` AS select `itens_finalizacao`.`materia_prima_id` AS `materia_prima_id`,sum(`itens_finalizacao`.`quantidade`) AS `quantidade` from `itens_finalizacao` where (`itens_finalizacao`.`materia_prima_id` is not null) group by `itens_finalizacao`.`materia_prima_id` */;
/*!50001 SET character_set_client      = @saved_cs_client */;
/*!50001 SET character_set_results     = @saved_cs_results */;
/*!50001 SET collation_connection      = @saved_col_connection */;

--
-- Final view structure for view `usados_na_fabricacao`
--

/*!50001 DROP VIEW IF EXISTS `usados_na_fabricacao`*/;
/*!50001 SET @saved_cs_client          = @@character_set_client */;
/*!50001 SET @saved_cs_results         = @@character_set_results */;
/*!50001 SET @saved_col_connection     = @@collation_connection */;
/*!50001 SET character_set_client      = utf8 */;
/*!50001 SET character_set_results     = utf8 */;
/*!50001 SET collation_connection      = utf8_general_ci */;
/*!50001 CREATE ALGORITHM=UNDEFINED */
/*!50013 DEFINER=`root`@`localhost` SQL SECURITY DEFINER */
/*!50001 VIEW `usados_na_fabricacao` AS select `itens_finalizacao`.`prefabricacao_id` AS `prefabricacao_id`,sum(`itens_finalizacao`.`quantidade`) AS `usados` from `itens_finalizacao` group by `itens_finalizacao`.`prefabricacao_id` */;
/*!50001 SET character_set_client      = @saved_cs_client */;
/*!50001 SET character_set_results     = @saved_cs_results */;
/*!50001 SET collation_connection      = @saved_col_connection */;

--
-- Final view structure for view `usados_prefabricacao`
--

/*!50001 DROP VIEW IF EXISTS `usados_prefabricacao`*/;
/*!50001 SET @saved_cs_client          = @@character_set_client */;
/*!50001 SET @saved_cs_results         = @@character_set_results */;
/*!50001 SET @saved_col_connection     = @@collation_connection */;
/*!50001 SET character_set_client      = utf8 */;
/*!50001 SET character_set_results     = utf8 */;
/*!50001 SET collation_connection      = utf8_general_ci */;
/*!50001 CREATE ALGORITHM=UNDEFINED */
/*!50013 DEFINER=`root`@`localhost` SQL SECURITY DEFINER */
/*!50001 VIEW `usados_prefabricacao` AS select `itens_producao`.`materia_prima_id` AS `materia_prima_id`,sum(`itens_producao`.`quantidade`) AS `quantidade` from `itens_producao` where (`itens_producao`.`materia_prima_id` is not null) group by `itens_producao`.`materia_prima_id` */;
/*!50001 SET character_set_client      = @saved_cs_client */;
/*!50001 SET character_set_results     = @saved_cs_results */;
/*!50001 SET collation_connection      = @saved_col_connection */;
/*!40103 SET TIME_ZONE=@OLD_TIME_ZONE */;

/*!40101 SET SQL_MODE=@OLD_SQL_MODE */;
/*!40014 SET FOREIGN_KEY_CHECKS=@OLD_FOREIGN_KEY_CHECKS */;
/*!40014 SET UNIQUE_CHECKS=@OLD_UNIQUE_CHECKS */;
/*!40101 SET CHARACTER_SET_CLIENT=@OLD_CHARACTER_SET_CLIENT */;
/*!40101 SET CHARACTER_SET_RESULTS=@OLD_CHARACTER_SET_RESULTS */;
/*!40101 SET COLLATION_CONNECTION=@OLD_COLLATION_CONNECTION */;
/*!40111 SET SQL_NOTES=@OLD_SQL_NOTES */;

-- Dump completed on 2019-05-06  7:31:55
